House_ID,house_value
17000,17005
17001,17006
17002,17007
17003,17008
17004,17009
17005,17010
17006,17011
17007,17012
17008,17013
17009,17014
17010,17015
17011,17016
17012,17017
17013,17018
17014,17019
17015,17020
17016,17021
17017,17022
17018,17023
17019,17024
17020,17025
17021,17026
17022,17027
17023,17028
17024,17029
17025,17030
17026,17031
17027,17032
17028,17033
17029,17034
17030,17035
17031,17036
17032,17037
17033,17038
17034,17039
17035,17040
17036,17041
17037,17042
17038,17043
17039,17044
17040,17045
17041,17046
17042,17047
17043,17048
17044,17049
17045,17050
17046,17051
17047,17052
17048,17053
17049,17054
17050,17055
17051,17056
17052,17057
17053,17058
17054,17059
17055,17060
17056,17061
17057,17062
17058,17063
17059,17064
17060,17065
17061,17066
17062,17067
17063,17068
17064,17069
17065,17070
17066,17071
17067,17072
17068,17073
17069,17074
17070,17075
17071,17076
17072,17077
17073,17078
17074,17079
17075,17080
17076,17081
17077,17082
17078,17083
17079,17084
17080,17085
17081,17086
17082,17087
17083,17088
17084,17089
17085,17090
17086,17091
17087,17092
17088,17093
17089,17094
17090,17095
17091,17096
17092,17097
17093,17098
17094,17099
17095,17100
17096,17101
17097,17102
17098,17103
17099,17104
17100,17105
17101,17106
17102,17107
17103,17108
17104,17109
17105,17110
17106,17111
17107,17112
17108,17113
17109,17114
17110,17115
17111,17116
17112,17117
17113,17118
17114,17119
17115,17120
17116,17121
17117,17122
17118,17123
17119,17124
17120,17125
17121,17126
17122,17127
17123,17128
17124,17129
17125,17130
17126,17131
17127,17132
17128,17133
17129,17134
17130,17135
17131,17136
17132,17137
17133,17138
17134,17139
17135,17140
17136,17141
17137,17142
17138,17143
17139,17144
17140,17145
17141,17146
17142,17147
17143,17148
17144,17149
17145,17150
17146,17151
17147,17152
17148,17153
17149,17154
17150,17155
17151,17156
17152,17157
17153,17158
17154,17159
17155,17160
17156,17161
17157,17162
17158,17163
17159,17164
17160,17165
17161,17166
17162,17167
17163,17168
17164,17169
17165,17170
17166,17171
17167,17172
17168,17173
17169,17174
17170,17175
17171,17176
17172,17177
17173,17178
17174,17179
17175,17180
17176,17181
17177,17182
17178,17183
17179,17184
17180,17185
17181,17186
17182,17187
17183,17188
17184,17189
17185,17190
17186,17191
17187,17192
17188,17193
17189,17194
17190,17195
17191,17196
17192,17197
17193,17198
17194,17199
17195,17200
17196,17201
17197,17202
17198,17203
17199,17204
17200,17205
17201,17206
17202,17207
17203,17208
17204,17209
17205,17210
17206,17211
17207,17212
17208,17213
17209,17214
17210,17215
17211,17216
17212,17217
17213,17218
17214,17219
17215,17220
17216,17221
17217,17222
17218,17223
17219,17224
17220,17225
17221,17226
17222,17227
17223,17228
17224,17229
17225,17230
17226,17231
17227,17232
17228,17233
17229,17234
17230,17235
17231,17236
17232,17237
17233,17238
17234,17239
17235,17240
17236,17241
17237,17242
17238,17243
17239,17244
17240,17245
17241,17246
17242,17247
17243,17248
17244,17249
17245,17250
17246,17251
17247,17252
17248,17253
17249,17254
17250,17255
17251,17256
17252,17257
17253,17258
17254,17259
17255,17260
17256,17261
17257,17262
17258,17263
17259,17264
17260,17265
17261,17266
17262,17267
17263,17268
17264,17269
17265,17270
17266,17271
17267,17272
17268,17273
17269,17274
17270,17275
17271,17276
17272,17277
17273,17278
17274,17279
17275,17280
17276,17281
17277,17282
17278,17283
17279,17284
17280,17285
17281,17286
17282,17287
17283,17288
17284,17289
17285,17290
17286,17291
17287,17292
17288,17293
17289,17294
17290,17295
17291,17296
17292,17297
17293,17298
17294,17299
17295,17300
17296,17301
17297,17302
17298,17303
17299,17304
17300,17305
17301,17306
17302,17307
17303,17308
17304,17309
17305,17310
17306,17311
17307,17312
17308,17313
17309,17314
17310,17315
17311,17316
17312,17317
17313,17318
17314,17319
17315,17320
17316,17321
17317,17322
17318,17323
17319,17324
17320,17325
17321,17326
17322,17327
17323,17328
17324,17329
17325,17330
17326,17331
17327,17332
17328,17333
17329,17334
17330,17335
17331,17336
17332,17337
17333,17338
17334,17339
17335,17340
17336,17341
17337,17342
17338,17343
17339,17344
17340,17345
17341,17346
17342,17347
17343,17348
17344,17349
17345,17350
17346,17351
17347,17352
17348,17353
17349,17354
17350,17355
17351,17356
17352,17357
17353,17358
17354,17359
17355,17360
17356,17361
17357,17362
17358,17363
17359,17364
17360,17365
17361,17366
17362,17367
17363,17368
17364,17369
17365,17370
17366,17371
17367,17372
17368,17373
17369,17374
17370,17375
17371,17376
17372,17377
17373,17378
17374,17379
17375,17380
17376,17381
17377,17382
17378,17383
17379,17384
17380,17385
17381,17386
17382,17387
17383,17388
17384,17389
17385,17390
17386,17391
17387,17392
17388,17393
17389,17394
17390,17395
17391,17396
17392,17397
17393,17398
17394,17399
17395,17400
17396,17401
17397,17402
17398,17403
17399,17404
17400,17405
17401,17406
17402,17407
17403,17408
17404,17409
17405,17410
17406,17411
17407,17412
17408,17413
17409,17414
17410,17415
17411,17416
17412,17417
17413,17418
17414,17419
17415,17420
17416,17421
17417,17422
17418,17423
17419,17424
17420,17425
17421,17426
17422,17427
17423,17428
17424,17429
17425,17430
17426,17431
17427,17432
17428,17433
17429,17434
17430,17435
17431,17436
17432,17437
17433,17438
17434,17439
17435,17440
17436,17441
17437,17442
17438,17443
17439,17444
17440,17445
17441,17446
17442,17447
17443,17448
17444,17449
17445,17450
17446,17451
17447,17452
17448,17453
17449,17454
17450,17455
17451,17456
17452,17457
17453,17458
17454,17459
17455,17460
17456,17461
17457,17462
17458,17463
17459,17464
17460,17465
17461,17466
17462,17467
17463,17468
17464,17469
17465,17470
17466,17471
17467,17472
17468,17473
17469,17474
17470,17475
17471,17476
17472,17477
17473,17478
17474,17479
17475,17480
17476,17481
17477,17482
17478,17483
17479,17484
17480,17485
17481,17486
17482,17487
17483,17488
17484,17489
17485,17490
17486,17491
17487,17492
17488,17493
17489,17494
17490,17495
17491,17496
17492,17497
17493,17498
17494,17499
17495,17500
17496,17501
17497,17502
17498,17503
17499,17504
17500,17505
17501,17506
17502,17507
17503,17508
17504,17509
17505,17510
17506,17511
17507,17512
17508,17513
17509,17514
17510,17515
17511,17516
17512,17517
17513,17518
17514,17519
17515,17520
17516,17521
17517,17522
17518,17523
17519,17524
17520,17525
17521,17526
17522,17527
17523,17528
17524,17529
17525,17530
17526,17531
17527,17532
17528,17533
17529,17534
17530,17535
17531,17536
17532,17537
17533,17538
17534,17539
17535,17540
17536,17541
17537,17542
17538,17543
17539,17544
17540,17545
17541,17546
17542,17547
17543,17548
17544,17549
17545,17550
17546,17551
17547,17552
17548,17553
17549,17554
17550,17555
17551,17556
17552,17557
17553,17558
17554,17559
17555,17560
17556,17561
17557,17562
17558,17563
17559,17564
17560,17565
17561,17566
17562,17567
17563,17568
17564,17569
17565,17570
17566,17571
17567,17572
17568,17573
17569,17574
17570,17575
17571,17576
17572,17577
17573,17578
17574,17579
17575,17580
17576,17581
17577,17582
17578,17583
17579,17584
17580,17585
17581,17586
17582,17587
17583,17588
17584,17589
17585,17590
17586,17591
17587,17592
17588,17593
17589,17594
17590,17595
17591,17596
17592,17597
17593,17598
17594,17599
17595,17600
17596,17601
17597,17602
17598,17603
17599,17604
17600,17605
17601,17606
17602,17607
17603,17608
17604,17609
17605,17610
17606,17611
17607,17612
17608,17613
17609,17614
17610,17615
17611,17616
17612,17617
17613,17618
17614,17619
17615,17620
17616,17621
17617,17622
17618,17623
17619,17624
17620,17625
17621,17626
17622,17627
17623,17628
17624,17629
17625,17630
17626,17631
17627,17632
17628,17633
17629,17634
17630,17635
17631,17636
17632,17637
17633,17638
17634,17639
17635,17640
17636,17641
17637,17642
17638,17643
17639,17644
17640,17645
17641,17646
17642,17647
17643,17648
17644,17649
17645,17650
17646,17651
17647,17652
17648,17653
17649,17654
17650,17655
17651,17656
17652,17657
17653,17658
17654,17659
17655,17660
17656,17661
17657,17662
17658,17663
17659,17664
17660,17665
17661,17666
17662,17667
17663,17668
17664,17669
17665,17670
17666,17671
17667,17672
17668,17673
17669,17674
17670,17675
17671,17676
17672,17677
17673,17678
17674,17679
17675,17680
17676,17681
17677,17682
17678,17683
17679,17684
17680,17685
17681,17686
17682,17687
17683,17688
17684,17689
17685,17690
17686,17691
17687,17692
17688,17693
17689,17694
17690,17695
17691,17696
17692,17697
17693,17698
17694,17699
17695,17700
17696,17701
17697,17702
17698,17703
17699,17704
17700,17705
17701,17706
17702,17707
17703,17708
17704,17709
17705,17710
17706,17711
17707,17712
17708,17713
17709,17714
17710,17715
17711,17716
17712,17717
17713,17718
17714,17719
17715,17720
17716,17721
17717,17722
17718,17723
17719,17724
17720,17725
17721,17726
17722,17727
17723,17728
17724,17729
17725,17730
17726,17731
17727,17732
17728,17733
17729,17734
17730,17735
17731,17736
17732,17737
17733,17738
17734,17739
17735,17740
17736,17741
17737,17742
17738,17743
17739,17744
17740,17745
17741,17746
17742,17747
17743,17748
17744,17749
17745,17750
17746,17751
17747,17752
17748,17753
17749,17754
17750,17755
17751,17756
17752,17757
17753,17758
17754,17759
17755,17760
17756,17761
17757,17762
17758,17763
17759,17764
17760,17765
17761,17766
17762,17767
17763,17768
17764,17769
17765,17770
17766,17771
17767,17772
17768,17773
17769,17774
17770,17775
17771,17776
17772,17777
17773,17778
17774,17779
17775,17780
17776,17781
17777,17782
17778,17783
17779,17784
17780,17785
17781,17786
17782,17787
17783,17788
17784,17789
17785,17790
17786,17791
17787,17792
17788,17793
17789,17794
17790,17795
17791,17796
17792,17797
17793,17798
17794,17799
17795,17800
17796,17801
17797,17802
17798,17803
17799,17804
17800,17805
17801,17806
17802,17807
17803,17808
17804,17809
17805,17810
17806,17811
17807,17812
17808,17813
17809,17814
17810,17815
17811,17816
17812,17817
17813,17818
17814,17819
17815,17820
17816,17821
17817,17822
17818,17823
17819,17824
17820,17825
17821,17826
17822,17827
17823,17828
17824,17829
17825,17830
17826,17831
17827,17832
17828,17833
17829,17834
17830,17835
17831,17836
17832,17837
17833,17838
17834,17839
17835,17840
17836,17841
17837,17842
17838,17843
17839,17844
17840,17845
17841,17846
17842,17847
17843,17848
17844,17849
17845,17850
17846,17851
17847,17852
17848,17853
17849,17854
17850,17855
17851,17856
17852,17857
17853,17858
17854,17859
17855,17860
17856,17861
17857,17862
17858,17863
17859,17864
17860,17865
17861,17866
17862,17867
17863,17868
17864,17869
17865,17870
17866,17871
17867,17872
17868,17873
17869,17874
17870,17875
17871,17876
17872,17877
17873,17878
17874,17879
17875,17880
17876,17881
17877,17882
17878,17883
17879,17884
17880,17885
17881,17886
17882,17887
17883,17888
17884,17889
17885,17890
17886,17891
17887,17892
17888,17893
17889,17894
17890,17895
17891,17896
17892,17897
17893,17898
17894,17899
17895,17900
17896,17901
17897,17902
17898,17903
17899,17904
17900,17905
17901,17906
17902,17907
17903,17908
17904,17909
17905,17910
17906,17911
17907,17912
17908,17913
17909,17914
17910,17915
17911,17916
17912,17917
17913,17918
17914,17919
17915,17920
17916,17921
17917,17922
17918,17923
17919,17924
17920,17925
17921,17926
17922,17927
17923,17928
17924,17929
17925,17930
17926,17931
17927,17932
17928,17933
17929,17934
17930,17935
17931,17936
17932,17937
17933,17938
17934,17939
17935,17940
17936,17941
17937,17942
17938,17943
17939,17944
17940,17945
17941,17946
17942,17947
17943,17948
17944,17949
17945,17950
17946,17951
17947,17952
17948,17953
17949,17954
17950,17955
17951,17956
17952,17957
17953,17958
17954,17959
17955,17960
17956,17961
17957,17962
17958,17963
17959,17964
17960,17965
17961,17966
17962,17967
17963,17968
17964,17969
17965,17970
17966,17971
17967,17972
17968,17973
17969,17974
17970,17975
17971,17976
17972,17977
17973,17978
17974,17979
17975,17980
17976,17981
17977,17982
17978,17983
17979,17984
17980,17985
17981,17986
17982,17987
17983,17988
17984,17989
17985,17990
17986,17991
17987,17992
17988,17993
17989,17994
17990,17995
17991,17996
17992,17997
17993,17998
17994,17999
17995,18000
17996,18001
17997,18002
17998,18003
17999,18004
18000,18005
18001,18006
18002,18007
18003,18008
18004,18009
18005,18010
18006,18011
18007,18012
18008,18013
18009,18014
18010,18015
18011,18016
18012,18017
18013,18018
18014,18019
18015,18020
18016,18021
18017,18022
18018,18023
18019,18024
18020,18025
18021,18026
18022,18027
18023,18028
18024,18029
18025,18030
18026,18031
18027,18032
18028,18033
18029,18034
18030,18035
18031,18036
18032,18037
18033,18038
18034,18039
18035,18040
18036,18041
18037,18042
18038,18043
18039,18044
18040,18045
18041,18046
18042,18047
18043,18048
18044,18049
18045,18050
18046,18051
18047,18052
18048,18053
18049,18054
18050,18055
18051,18056
18052,18057
18053,18058
18054,18059
18055,18060
18056,18061
18057,18062
18058,18063
18059,18064
18060,18065
18061,18066
18062,18067
18063,18068
18064,18069
18065,18070
18066,18071
18067,18072
18068,18073
18069,18074
18070,18075
18071,18076
18072,18077
18073,18078
18074,18079
18075,18080
18076,18081
18077,18082
18078,18083
18079,18084
18080,18085
18081,18086
18082,18087
18083,18088
18084,18089
18085,18090
18086,18091
18087,18092
18088,18093
18089,18094
18090,18095
18091,18096
18092,18097
18093,18098
18094,18099
18095,18100
18096,18101
18097,18102
18098,18103
18099,18104
18100,18105
18101,18106
18102,18107
18103,18108
18104,18109
18105,18110
18106,18111
18107,18112
18108,18113
18109,18114
18110,18115
18111,18116
18112,18117
18113,18118
18114,18119
18115,18120
18116,18121
18117,18122
18118,18123
18119,18124
18120,18125
18121,18126
18122,18127
18123,18128
18124,18129
18125,18130
18126,18131
18127,18132
18128,18133
18129,18134
18130,18135
18131,18136
18132,18137
18133,18138
18134,18139
18135,18140
18136,18141
18137,18142
18138,18143
18139,18144
18140,18145
18141,18146
18142,18147
18143,18148
18144,18149
18145,18150
18146,18151
18147,18152
18148,18153
18149,18154
18150,18155
18151,18156
18152,18157
18153,18158
18154,18159
18155,18160
18156,18161
18157,18162
18158,18163
18159,18164
18160,18165
18161,18166
18162,18167
18163,18168
18164,18169
18165,18170
18166,18171
18167,18172
18168,18173
18169,18174
18170,18175
18171,18176
18172,18177
18173,18178
18174,18179
18175,18180
18176,18181
18177,18182
18178,18183
18179,18184
18180,18185
18181,18186
18182,18187
18183,18188
18184,18189
18185,18190
18186,18191
18187,18192
18188,18193
18189,18194
18190,18195
18191,18196
18192,18197
18193,18198
18194,18199
18195,18200
18196,18201
18197,18202
18198,18203
18199,18204
18200,18205
18201,18206
18202,18207
18203,18208
18204,18209
18205,18210
18206,18211
18207,18212
18208,18213
18209,18214
18210,18215
18211,18216
18212,18217
18213,18218
18214,18219
18215,18220
18216,18221
18217,18222
18218,18223
18219,18224
18220,18225
18221,18226
18222,18227
18223,18228
18224,18229
18225,18230
18226,18231
18227,18232
18228,18233
18229,18234
18230,18235
18231,18236
18232,18237
18233,18238
18234,18239
18235,18240
18236,18241
18237,18242
18238,18243
18239,18244
18240,18245
18241,18246
18242,18247
18243,18248
18244,18249
18245,18250
18246,18251
18247,18252
18248,18253
18249,18254
18250,18255
18251,18256
18252,18257
18253,18258
18254,18259
18255,18260
18256,18261
18257,18262
18258,18263
18259,18264
18260,18265
18261,18266
18262,18267
18263,18268
18264,18269
18265,18270
18266,18271
18267,18272
18268,18273
18269,18274
18270,18275
18271,18276
18272,18277
18273,18278
18274,18279
18275,18280
18276,18281
18277,18282
18278,18283
18279,18284
18280,18285
18281,18286
18282,18287
18283,18288
18284,18289
18285,18290
18286,18291
18287,18292
18288,18293
18289,18294
18290,18295
18291,18296
18292,18297
18293,18298
18294,18299
18295,18300
18296,18301
18297,18302
18298,18303
18299,18304
18300,18305
18301,18306
18302,18307
18303,18308
18304,18309
18305,18310
18306,18311
18307,18312
18308,18313
18309,18314
18310,18315
18311,18316
18312,18317
18313,18318
18314,18319
18315,18320
18316,18321
18317,18322
18318,18323
18319,18324
18320,18325
18321,18326
18322,18327
18323,18328
18324,18329
18325,18330
18326,18331
18327,18332
18328,18333
18329,18334
18330,18335
18331,18336
18332,18337
18333,18338
18334,18339
18335,18340
18336,18341
18337,18342
18338,18343
18339,18344
18340,18345
18341,18346
18342,18347
18343,18348
18344,18349
18345,18350
18346,18351
18347,18352
18348,18353
18349,18354
18350,18355
18351,18356
18352,18357
18353,18358
18354,18359
18355,18360
18356,18361
18357,18362
18358,18363
18359,18364
18360,18365
18361,18366
18362,18367
18363,18368
18364,18369
18365,18370
18366,18371
18367,18372
18368,18373
18369,18374
18370,18375
18371,18376
18372,18377
18373,18378
18374,18379
18375,18380
18376,18381
18377,18382
18378,18383
18379,18384
18380,18385
18381,18386
18382,18387
18383,18388
18384,18389
18385,18390
18386,18391
18387,18392
18388,18393
18389,18394
18390,18395
18391,18396
18392,18397
18393,18398
18394,18399
18395,18400
18396,18401
18397,18402
18398,18403
18399,18404
18400,18405
18401,18406
18402,18407
18403,18408
18404,18409
18405,18410
18406,18411
18407,18412
18408,18413
18409,18414
18410,18415
18411,18416
18412,18417
18413,18418
18414,18419
18415,18420
18416,18421
18417,18422
18418,18423
18419,18424
18420,18425
18421,18426
18422,18427
18423,18428
18424,18429
18425,18430
18426,18431
18427,18432
18428,18433
18429,18434
18430,18435
18431,18436
18432,18437
18433,18438
18434,18439
18435,18440
18436,18441
18437,18442
18438,18443
18439,18444
18440,18445
18441,18446
18442,18447
18443,18448
18444,18449
18445,18450
18446,18451
18447,18452
18448,18453
18449,18454
18450,18455
18451,18456
18452,18457
18453,18458
18454,18459
18455,18460
18456,18461
18457,18462
18458,18463
18459,18464
18460,18465
18461,18466
18462,18467
18463,18468
18464,18469
18465,18470
18466,18471
18467,18472
18468,18473
18469,18474
18470,18475
18471,18476
18472,18477
18473,18478
18474,18479
18475,18480
18476,18481
18477,18482
18478,18483
18479,18484
18480,18485
18481,18486
18482,18487
18483,18488
18484,18489
18485,18490
18486,18491
18487,18492
18488,18493
18489,18494
18490,18495
18491,18496
18492,18497
18493,18498
18494,18499
18495,18500
18496,18501
18497,18502
18498,18503
18499,18504
18500,18505
18501,18506
18502,18507
18503,18508
18504,18509
18505,18510
18506,18511
18507,18512
18508,18513
18509,18514
18510,18515
18511,18516
18512,18517
18513,18518
18514,18519
18515,18520
18516,18521
18517,18522
18518,18523
18519,18524
18520,18525
18521,18526
18522,18527
18523,18528
18524,18529
18525,18530
18526,18531
18527,18532
18528,18533
18529,18534
18530,18535
18531,18536
18532,18537
18533,18538
18534,18539
18535,18540
18536,18541
18537,18542
18538,18543
18539,18544
18540,18545
18541,18546
18542,18547
18543,18548
18544,18549
18545,18550
18546,18551
18547,18552
18548,18553
18549,18554
18550,18555
18551,18556
18552,18557
18553,18558
18554,18559
18555,18560
18556,18561
18557,18562
18558,18563
18559,18564
18560,18565
18561,18566
18562,18567
18563,18568
18564,18569
18565,18570
18566,18571
18567,18572
18568,18573
18569,18574
18570,18575
18571,18576
18572,18577
18573,18578
18574,18579
18575,18580
18576,18581
18577,18582
18578,18583
18579,18584
18580,18585
18581,18586
18582,18587
18583,18588
18584,18589
18585,18590
18586,18591
18587,18592
18588,18593
18589,18594
18590,18595
18591,18596
18592,18597
18593,18598
18594,18599
18595,18600
18596,18601
18597,18602
18598,18603
18599,18604
18600,18605
18601,18606
18602,18607
18603,18608
18604,18609
18605,18610
18606,18611
18607,18612
18608,18613
18609,18614
18610,18615
18611,18616
18612,18617
18613,18618
18614,18619
18615,18620
18616,18621
18617,18622
18618,18623
18619,18624
18620,18625
18621,18626
18622,18627
18623,18628
18624,18629
18625,18630
18626,18631
18627,18632
18628,18633
18629,18634
18630,18635
18631,18636
18632,18637
18633,18638
18634,18639
18635,18640
18636,18641
18637,18642
18638,18643
18639,18644
18640,18645
18641,18646
18642,18647
18643,18648
18644,18649
18645,18650
18646,18651
18647,18652
18648,18653
18649,18654
18650,18655
18651,18656
18652,18657
18653,18658
18654,18659
18655,18660
18656,18661
18657,18662
18658,18663
18659,18664
18660,18665
18661,18666
18662,18667
18663,18668
18664,18669
18665,18670
18666,18671
18667,18672
18668,18673
18669,18674
18670,18675
18671,18676
18672,18677
18673,18678
18674,18679
18675,18680
18676,18681
18677,18682
18678,18683
18679,18684
18680,18685
18681,18686
18682,18687
18683,18688
18684,18689
18685,18690
18686,18691
18687,18692
18688,18693
18689,18694
18690,18695
18691,18696
18692,18697
18693,18698
18694,18699
18695,18700
18696,18701
18697,18702
18698,18703
18699,18704
18700,18705
18701,18706
18702,18707
18703,18708
18704,18709
18705,18710
18706,18711
18707,18712
18708,18713
18709,18714
18710,18715
18711,18716
18712,18717
18713,18718
18714,18719
18715,18720
18716,18721
18717,18722
18718,18723
18719,18724
18720,18725
18721,18726
18722,18727
18723,18728
18724,18729
18725,18730
18726,18731
18727,18732
18728,18733
18729,18734
18730,18735
18731,18736
18732,18737
18733,18738
18734,18739
18735,18740
18736,18741
18737,18742
18738,18743
18739,18744
18740,18745
18741,18746
18742,18747
18743,18748
18744,18749
18745,18750
18746,18751
18747,18752
18748,18753
18749,18754
18750,18755
18751,18756
18752,18757
18753,18758
18754,18759
18755,18760
18756,18761
18757,18762
18758,18763
18759,18764
18760,18765
18761,18766
18762,18767
18763,18768
18764,18769
18765,18770
18766,18771
18767,18772
18768,18773
18769,18774
18770,18775
18771,18776
18772,18777
18773,18778
18774,18779
18775,18780
18776,18781
18777,18782
18778,18783
18779,18784
18780,18785
18781,18786
18782,18787
18783,18788
18784,18789
18785,18790
18786,18791
18787,18792
18788,18793
18789,18794
18790,18795
18791,18796
18792,18797
18793,18798
18794,18799
18795,18800
18796,18801
18797,18802
18798,18803
18799,18804
18800,18805
18801,18806
18802,18807
18803,18808
18804,18809
18805,18810
18806,18811
18807,18812
18808,18813
18809,18814
18810,18815
18811,18816
18812,18817
18813,18818
18814,18819
18815,18820
18816,18821
18817,18822
18818,18823
18819,18824
18820,18825
18821,18826
18822,18827
18823,18828
18824,18829
18825,18830
18826,18831
18827,18832
18828,18833
18829,18834
18830,18835
18831,18836
18832,18837
18833,18838
18834,18839
18835,18840
18836,18841
18837,18842
18838,18843
18839,18844
18840,18845
18841,18846
18842,18847
18843,18848
18844,18849
18845,18850
18846,18851
18847,18852
18848,18853
18849,18854
18850,18855
18851,18856
18852,18857
18853,18858
18854,18859
18855,18860
18856,18861
18857,18862
18858,18863
18859,18864
18860,18865
18861,18866
18862,18867
18863,18868
18864,18869
18865,18870
18866,18871
18867,18872
18868,18873
18869,18874
18870,18875
18871,18876
18872,18877
18873,18878
18874,18879
18875,18880
18876,18881
18877,18882
18878,18883
18879,18884
18880,18885
18881,18886
18882,18887
18883,18888
18884,18889
18885,18890
18886,18891
18887,18892
18888,18893
18889,18894
18890,18895
18891,18896
18892,18897
18893,18898
18894,18899
18895,18900
18896,18901
18897,18902
18898,18903
18899,18904
18900,18905
18901,18906
18902,18907
18903,18908
18904,18909
18905,18910
18906,18911
18907,18912
18908,18913
18909,18914
18910,18915
18911,18916
18912,18917
18913,18918
18914,18919
18915,18920
18916,18921
18917,18922
18918,18923
18919,18924
18920,18925
18921,18926
18922,18927
18923,18928
18924,18929
18925,18930
18926,18931
18927,18932
18928,18933
18929,18934
18930,18935
18931,18936
18932,18937
18933,18938
18934,18939
18935,18940
18936,18941
18937,18942
18938,18943
18939,18944
18940,18945
18941,18946
18942,18947
18943,18948
18944,18949
18945,18950
18946,18951
18947,18952
18948,18953
18949,18954
18950,18955
18951,18956
18952,18957
18953,18958
18954,18959
18955,18960
18956,18961
18957,18962
18958,18963
18959,18964
18960,18965
18961,18966
18962,18967
18963,18968
18964,18969
18965,18970
18966,18971
18967,18972
18968,18973
18969,18974
18970,18975
18971,18976
18972,18977
18973,18978
18974,18979
18975,18980
18976,18981
18977,18982
18978,18983
18979,18984
18980,18985
18981,18986
18982,18987
18983,18988
18984,18989
18985,18990
18986,18991
18987,18992
18988,18993
18989,18994
18990,18995
18991,18996
18992,18997
18993,18998
18994,18999
18995,19000
18996,19001
18997,19002
18998,19003
18999,19004
19000,19005
19001,19006
19002,19007
19003,19008
19004,19009
19005,19010
19006,19011
19007,19012
19008,19013
19009,19014
19010,19015
19011,19016
19012,19017
19013,19018
19014,19019
19015,19020
19016,19021
19017,19022
19018,19023
19019,19024
19020,19025
19021,19026
19022,19027
19023,19028
19024,19029
19025,19030
19026,19031
19027,19032
19028,19033
19029,19034
19030,19035
19031,19036
19032,19037
19033,19038
19034,19039
19035,19040
19036,19041
19037,19042
19038,19043
19039,19044
19040,19045
19041,19046
19042,19047
19043,19048
19044,19049
19045,19050
19046,19051
19047,19052
19048,19053
19049,19054
19050,19055
19051,19056
19052,19057
19053,19058
19054,19059
19055,19060
19056,19061
19057,19062
19058,19063
19059,19064
19060,19065
19061,19066
19062,19067
19063,19068
19064,19069
19065,19070
19066,19071
19067,19072
19068,19073
19069,19074
19070,19075
19071,19076
19072,19077
19073,19078
19074,19079
19075,19080
19076,19081
19077,19082
19078,19083
19079,19084
19080,19085
19081,19086
19082,19087
19083,19088
19084,19089
19085,19090
19086,19091
19087,19092
19088,19093
19089,19094
19090,19095
19091,19096
19092,19097
19093,19098
19094,19099
19095,19100
19096,19101
19097,19102
19098,19103
19099,19104
19100,19105
19101,19106
19102,19107
19103,19108
19104,19109
19105,19110
19106,19111
19107,19112
19108,19113
19109,19114
19110,19115
19111,19116
19112,19117
19113,19118
19114,19119
19115,19120
19116,19121
19117,19122
19118,19123
19119,19124
19120,19125
19121,19126
19122,19127
19123,19128
19124,19129
19125,19130
19126,19131
19127,19132
19128,19133
19129,19134
19130,19135
19131,19136
19132,19137
19133,19138
19134,19139
19135,19140
19136,19141
19137,19142
19138,19143
19139,19144
19140,19145
19141,19146
19142,19147
19143,19148
19144,19149
19145,19150
19146,19151
19147,19152
19148,19153
19149,19154
19150,19155
19151,19156
19152,19157
19153,19158
19154,19159
19155,19160
19156,19161
19157,19162
19158,19163
19159,19164
19160,19165
19161,19166
19162,19167
19163,19168
19164,19169
19165,19170
19166,19171
19167,19172
19168,19173
19169,19174
19170,19175
19171,19176
19172,19177
19173,19178
19174,19179
19175,19180
19176,19181
19177,19182
19178,19183
19179,19184
19180,19185
19181,19186
19182,19187
19183,19188
19184,19189
19185,19190
19186,19191
19187,19192
19188,19193
19189,19194
19190,19195
19191,19196
19192,19197
19193,19198
19194,19199
19195,19200
19196,19201
19197,19202
19198,19203
19199,19204
19200,19205
19201,19206
19202,19207
19203,19208
19204,19209
19205,19210
19206,19211
19207,19212
19208,19213
19209,19214
19210,19215
19211,19216
19212,19217
19213,19218
19214,19219
19215,19220
19216,19221
19217,19222
19218,19223
19219,19224
19220,19225
19221,19226
19222,19227
19223,19228
19224,19229
19225,19230
19226,19231
19227,19232
19228,19233
19229,19234
19230,19235
19231,19236
19232,19237
19233,19238
19234,19239
19235,19240
19236,19241
19237,19242
19238,19243
19239,19244
19240,19245
19241,19246
19242,19247
19243,19248
19244,19249
19245,19250
19246,19251
19247,19252
19248,19253
19249,19254
19250,19255
19251,19256
19252,19257
19253,19258
19254,19259
19255,19260
19256,19261
19257,19262
19258,19263
19259,19264
19260,19265
19261,19266
19262,19267
19263,19268
19264,19269
19265,19270
19266,19271
19267,19272
19268,19273
19269,19274
19270,19275
19271,19276
19272,19277
19273,19278
19274,19279
19275,19280
19276,19281
19277,19282
19278,19283
19279,19284
19280,19285
19281,19286
19282,19287
19283,19288
19284,19289
19285,19290
19286,19291
19287,19292
19288,19293
19289,19294
19290,19295
19291,19296
19292,19297
19293,19298
19294,19299
19295,19300
19296,19301
19297,19302
19298,19303
19299,19304
19300,19305
19301,19306
19302,19307
19303,19308
19304,19309
19305,19310
19306,19311
19307,19312
19308,19313
19309,19314
19310,19315
19311,19316
19312,19317
19313,19318
19314,19319
19315,19320
19316,19321
19317,19322
19318,19323
19319,19324
19320,19325
19321,19326
19322,19327
19323,19328
19324,19329
19325,19330
19326,19331
19327,19332
19328,19333
19329,19334
19330,19335
19331,19336
19332,19337
19333,19338
19334,19339
19335,19340
19336,19341
19337,19342
19338,19343
19339,19344
19340,19345
19341,19346
19342,19347
19343,19348
19344,19349
19345,19350
19346,19351
19347,19352
19348,19353
19349,19354
19350,19355
19351,19356
19352,19357
19353,19358
19354,19359
19355,19360
19356,19361
19357,19362
19358,19363
19359,19364
19360,19365
19361,19366
19362,19367
19363,19368
19364,19369
19365,19370
19366,19371
19367,19372
19368,19373
19369,19374
19370,19375
19371,19376
19372,19377
19373,19378
19374,19379
19375,19380
19376,19381
19377,19382
19378,19383
19379,19384
19380,19385
19381,19386
19382,19387
19383,19388
19384,19389
19385,19390
19386,19391
19387,19392
19388,19393
19389,19394
19390,19395
19391,19396
19392,19397
19393,19398
19394,19399
19395,19400
19396,19401
19397,19402
19398,19403
19399,19404
19400,19405
19401,19406
19402,19407
19403,19408
19404,19409
19405,19410
19406,19411
19407,19412
19408,19413
19409,19414
19410,19415
19411,19416
19412,19417
19413,19418
19414,19419
19415,19420
19416,19421
19417,19422
19418,19423
19419,19424
19420,19425
19421,19426
19422,19427
19423,19428
19424,19429
19425,19430
19426,19431
19427,19432
19428,19433
19429,19434
19430,19435
19431,19436
19432,19437
19433,19438
19434,19439
19435,19440
19436,19441
19437,19442
19438,19443
19439,19444
19440,19445
19441,19446
19442,19447
19443,19448
19444,19449
19445,19450
19446,19451
19447,19452
19448,19453
19449,19454
19450,19455
19451,19456
19452,19457
19453,19458
19454,19459
19455,19460
19456,19461
19457,19462
19458,19463
19459,19464
19460,19465
19461,19466
19462,19467
19463,19468
19464,19469
19465,19470
19466,19471
19467,19472
19468,19473
19469,19474
19470,19475
19471,19476
19472,19477
19473,19478
19474,19479
19475,19480
19476,19481
19477,19482
19478,19483
19479,19484
19480,19485
19481,19486
19482,19487
19483,19488
19484,19489
19485,19490
19486,19491
19487,19492
19488,19493
19489,19494
19490,19495
19491,19496
19492,19497
19493,19498
19494,19499
19495,19500
19496,19501
19497,19502
19498,19503
19499,19504
19500,19505
19501,19506
19502,19507
19503,19508
19504,19509
19505,19510
19506,19511
19507,19512
19508,19513
19509,19514
19510,19515
19511,19516
19512,19517
19513,19518
19514,19519
19515,19520
19516,19521
19517,19522
19518,19523
19519,19524
19520,19525
19521,19526
19522,19527
19523,19528
19524,19529
19525,19530
19526,19531
19527,19532
19528,19533
19529,19534
19530,19535
19531,19536
19532,19537
19533,19538
19534,19539
19535,19540
19536,19541
19537,19542
19538,19543
19539,19544
19540,19545
19541,19546
19542,19547
19543,19548
19544,19549
19545,19550
19546,19551
19547,19552
19548,19553
19549,19554
19550,19555
19551,19556
19552,19557
19553,19558
19554,19559
19555,19560
19556,19561
19557,19562
19558,19563
19559,19564
19560,19565
19561,19566
19562,19567
19563,19568
19564,19569
19565,19570
19566,19571
19567,19572
19568,19573
19569,19574
19570,19575
19571,19576
19572,19577
19573,19578
19574,19579
19575,19580
19576,19581
19577,19582
19578,19583
19579,19584
19580,19585
19581,19586
19582,19587
19583,19588
19584,19589
19585,19590
19586,19591
19587,19592
19588,19593
19589,19594
19590,19595
19591,19596
19592,19597
19593,19598
19594,19599
19595,19600
19596,19601
19597,19602
19598,19603
19599,19604
19600,19605
19601,19606
19602,19607
19603,19608
19604,19609
19605,19610
19606,19611
19607,19612
19608,19613
19609,19614
19610,19615
19611,19616
19612,19617
19613,19618
19614,19619
19615,19620
19616,19621
19617,19622
19618,19623
19619,19624
19620,19625
19621,19626
19622,19627
19623,19628
19624,19629
19625,19630
19626,19631
19627,19632
19628,19633
19629,19634
19630,19635
19631,19636
19632,19637
19633,19638
19634,19639
19635,19640
19636,19641
19637,19642
19638,19643
19639,19644
19640,19645
19641,19646
19642,19647
19643,19648
19644,19649
19645,19650
19646,19651
19647,19652
19648,19653
19649,19654
19650,19655
19651,19656
19652,19657
19653,19658
19654,19659
19655,19660
19656,19661
19657,19662
19658,19663
19659,19664
19660,19665
19661,19666
19662,19667
19663,19668
19664,19669
19665,19670
19666,19671
19667,19672
19668,19673
19669,19674
19670,19675
19671,19676
19672,19677
19673,19678
19674,19679
19675,19680
19676,19681
19677,19682
19678,19683
19679,19684
19680,19685
19681,19686
19682,19687
19683,19688
19684,19689
19685,19690
19686,19691
19687,19692
19688,19693
19689,19694
19690,19695
19691,19696
19692,19697
19693,19698
19694,19699
19695,19700
19696,19701
19697,19702
19698,19703
19699,19704
19700,19705
19701,19706
19702,19707
19703,19708
19704,19709
19705,19710
19706,19711
19707,19712
19708,19713
19709,19714
19710,19715
19711,19716
19712,19717
19713,19718
19714,19719
19715,19720
19716,19721
19717,19722
19718,19723
19719,19724
19720,19725
19721,19726
19722,19727
19723,19728
19724,19729
19725,19730
19726,19731
19727,19732
19728,19733
19729,19734
19730,19735
19731,19736
19732,19737
19733,19738
19734,19739
19735,19740
19736,19741
19737,19742
19738,19743
19739,19744
19740,19745
19741,19746
19742,19747
19743,19748
19744,19749
19745,19750
19746,19751
19747,19752
19748,19753
19749,19754
19750,19755
19751,19756
19752,19757
19753,19758
19754,19759
19755,19760
19756,19761
19757,19762
19758,19763
19759,19764
19760,19765
19761,19766
19762,19767
19763,19768
19764,19769
19765,19770
19766,19771
19767,19772
19768,19773
19769,19774
19770,19775
19771,19776
19772,19777
19773,19778
19774,19779
19775,19780
19776,19781
19777,19782
19778,19783
19779,19784
19780,19785
19781,19786
19782,19787
19783,19788
19784,19789
19785,19790
19786,19791
19787,19792
19788,19793
19789,19794
19790,19795
19791,19796
19792,19797
19793,19798
19794,19799
19795,19800
19796,19801
19797,19802
19798,19803
19799,19804
19800,19805
19801,19806
19802,19807
19803,19808
19804,19809
19805,19810
19806,19811
19807,19812
19808,19813
19809,19814
19810,19815
19811,19816
19812,19817
19813,19818
19814,19819
19815,19820
19816,19821
19817,19822
19818,19823
19819,19824
19820,19825
19821,19826
19822,19827
19823,19828
19824,19829
19825,19830
19826,19831
19827,19832
19828,19833
19829,19834
19830,19835
19831,19836
19832,19837
19833,19838
19834,19839
19835,19840
19836,19841
19837,19842
19838,19843
19839,19844
19840,19845
19841,19846
19842,19847
19843,19848
19844,19849
19845,19850
19846,19851
19847,19852
19848,19853
19849,19854
19850,19855
19851,19856
19852,19857
19853,19858
19854,19859
19855,19860
19856,19861
19857,19862
19858,19863
19859,19864
19860,19865
19861,19866
19862,19867
19863,19868
19864,19869
19865,19870
19866,19871
19867,19872
19868,19873
19869,19874
19870,19875
19871,19876
19872,19877
19873,19878
19874,19879
19875,19880
19876,19881
19877,19882
19878,19883
19879,19884
19880,19885
19881,19886
19882,19887
19883,19888
19884,19889
19885,19890
19886,19891
19887,19892
19888,19893
19889,19894
19890,19895
19891,19896
19892,19897
19893,19898
19894,19899
19895,19900
19896,19901
19897,19902
19898,19903
19899,19904
19900,19905
19901,19906
19902,19907
19903,19908
19904,19909
19905,19910
19906,19911
19907,19912
19908,19913
19909,19914
19910,19915
19911,19916
19912,19917
19913,19918
19914,19919
19915,19920
19916,19921
19917,19922
19918,19923
19919,19924
19920,19925
19921,19926
19922,19927
19923,19928
19924,19929
19925,19930
19926,19931
19927,19932
19928,19933
19929,19934
19930,19935
19931,19936
19932,19937
19933,19938
19934,19939
19935,19940
19936,19941
19937,19942
19938,19943
19939,19944
19940,19945
19941,19946
19942,19947
19943,19948
19944,19949
19945,19950
19946,19951
19947,19952
19948,19953
19949,19954
19950,19955
19951,19956
19952,19957
19953,19958
19954,19959
19955,19960
19956,19961
19957,19962
19958,19963
19959,19964
19960,19965
19961,19966
19962,19967
19963,19968
19964,19969
19965,19970
19966,19971
19967,19972
19968,19973
19969,19974
19970,19975
19971,19976
19972,19977
19973,19978
19974,19979
19975,19980
19976,19981
19977,19982
19978,19983
19979,19984
19980,19985
19981,19986
19982,19987
19983,19988
19984,19989
19985,19990
19986,19991
19987,19992
19988,19993
19989,19994
19990,19995
19991,19996
19992,19997
19993,19998
19994,19999
19995,20000
19996,20001
19997,20002
19998,20003
19999,20004
20000,20005
20001,20006
20002,20007
20003,20008
20004,20009
20005,20010
20006,20011
20007,20012
20008,20013
20009,20014
20010,20015
20011,20016
20012,20017
20013,20018
20014,20019
20015,20020
20016,20021
20017,20022
20018,20023
20019,20024
20020,20025
20021,20026
20022,20027
20023,20028
20024,20029
20025,20030
20026,20031
20027,20032
20028,20033
20029,20034
20030,20035
20031,20036
20032,20037
20033,20038
20034,20039
20035,20040
20036,20041
20037,20042
20038,20043
20039,20044
20040,20045
20041,20046
20042,20047
20043,20048
20044,20049
20045,20050
20046,20051
20047,20052
20048,20053
20049,20054
20050,20055
20051,20056
20052,20057
20053,20058
20054,20059
20055,20060
20056,20061
20057,20062
20058,20063
20059,20064
20060,20065
20061,20066
20062,20067
20063,20068
20064,20069
20065,20070
20066,20071
20067,20072
20068,20073
20069,20074
20070,20075
20071,20076
20072,20077
20073,20078
20074,20079
20075,20080
20076,20081
20077,20082
20078,20083
20079,20084
20080,20085
20081,20086
20082,20087
20083,20088
20084,20089
20085,20090
20086,20091
20087,20092
20088,20093
20089,20094
20090,20095
20091,20096
20092,20097
20093,20098
20094,20099
20095,20100
20096,20101
20097,20102
20098,20103
20099,20104
20100,20105
20101,20106
20102,20107
20103,20108
20104,20109
20105,20110
20106,20111
20107,20112
20108,20113
20109,20114
20110,20115
20111,20116
20112,20117
20113,20118
20114,20119
20115,20120
20116,20121
20117,20122
20118,20123
20119,20124
20120,20125
20121,20126
20122,20127
20123,20128
20124,20129
20125,20130
20126,20131
20127,20132
20128,20133
20129,20134
20130,20135
20131,20136
20132,20137
20133,20138
20134,20139
20135,20140
20136,20141
20137,20142
20138,20143
20139,20144
20140,20145
20141,20146
20142,20147
20143,20148
20144,20149
20145,20150
20146,20151
20147,20152
20148,20153
20149,20154
20150,20155
20151,20156
20152,20157
20153,20158
20154,20159
20155,20160
20156,20161
20157,20162
20158,20163
20159,20164
20160,20165
20161,20166
20162,20167
20163,20168
20164,20169
20165,20170
20166,20171
20167,20172
20168,20173
20169,20174
20170,20175
20171,20176
20172,20177
20173,20178
20174,20179
20175,20180
20176,20181
20177,20182
20178,20183
20179,20184
20180,20185
20181,20186
20182,20187
20183,20188
20184,20189
20185,20190
20186,20191
20187,20192
20188,20193
20189,20194
20190,20195
20191,20196
20192,20197
20193,20198
20194,20199
20195,20200
20196,20201
20197,20202
20198,20203
20199,20204
20200,20205
20201,20206
20202,20207
20203,20208
20204,20209
20205,20210
20206,20211
20207,20212
20208,20213
20209,20214
20210,20215
20211,20216
20212,20217
20213,20218
20214,20219
20215,20220
20216,20221
20217,20222
20218,20223
20219,20224
20220,20225
20221,20226
20222,20227
20223,20228
20224,20229
20225,20230
20226,20231
20227,20232
20228,20233
20229,20234
20230,20235
20231,20236
20232,20237
20233,20238
20234,20239
20235,20240
20236,20241
20237,20242
20238,20243
20239,20244
20240,20245
20241,20246
20242,20247
20243,20248
20244,20249
20245,20250
20246,20251
20247,20252
20248,20253
20249,20254
20250,20255
20251,20256
20252,20257
20253,20258
20254,20259
20255,20260
20256,20261
20257,20262
20258,20263
20259,20264
20260,20265
20261,20266
20262,20267
20263,20268
20264,20269
20265,20270
20266,20271
20267,20272
20268,20273
20269,20274
20270,20275
20271,20276
20272,20277
20273,20278
20274,20279
20275,20280
20276,20281
20277,20282
20278,20283
20279,20284
20280,20285
20281,20286
20282,20287
20283,20288
20284,20289
20285,20290
20286,20291
20287,20292
20288,20293
20289,20294
20290,20295
20291,20296
20292,20297
20293,20298
20294,20299
20295,20300
20296,20301
20297,20302
20298,20303
20299,20304
20300,20305
20301,20306
20302,20307
20303,20308
20304,20309
20305,20310
20306,20311
20307,20312
20308,20313
20309,20314
20310,20315
20311,20316
20312,20317
20313,20318
20314,20319
20315,20320
20316,20321
20317,20322
20318,20323
20319,20324
20320,20325
20321,20326
20322,20327
20323,20328
20324,20329
20325,20330
20326,20331
20327,20332
20328,20333
20329,20334
20330,20335
20331,20336
20332,20337
20333,20338
20334,20339
20335,20340
20336,20341
20337,20342
20338,20343
20339,20344
20340,20345
20341,20346
20342,20347
20343,20348
20344,20349
20345,20350
20346,20351
20347,20352
20348,20353
20349,20354
20350,20355
20351,20356
20352,20357
20353,20358
20354,20359
20355,20360
20356,20361
20357,20362
20358,20363
20359,20364
20360,20365
20361,20366
20362,20367
20363,20368
20364,20369
20365,20370
20366,20371
20367,20372
20368,20373
20369,20374
20370,20375
20371,20376
20372,20377
20373,20378
20374,20379
20375,20380
20376,20381
20377,20382
20378,20383
20379,20384
20380,20385
20381,20386
20382,20387
20383,20388
20384,20389
20385,20390
20386,20391
20387,20392
20388,20393
20389,20394
20390,20395
20391,20396
20392,20397
20393,20398
20394,20399
20395,20400
20396,20401
20397,20402
20398,20403
20399,20404
20400,20405
20401,20406
20402,20407
20403,20408
20404,20409
20405,20410
20406,20411
20407,20412
20408,20413
20409,20414
20410,20415
20411,20416
20412,20417
20413,20418
20414,20419
20415,20420
20416,20421
20417,20422
20418,20423
20419,20424
20420,20425
20421,20426
20422,20427
20423,20428
20424,20429
20425,20430
20426,20431
20427,20432
20428,20433
20429,20434
20430,20435
20431,20436
20432,20437
20433,20438
20434,20439
20435,20440
20436,20441
20437,20442
20438,20443
20439,20444
20440,20445
20441,20446
20442,20447
20443,20448
20444,20449
20445,20450
20446,20451
20447,20452
20448,20453
20449,20454
20450,20455
20451,20456
20452,20457
20453,20458
20454,20459
20455,20460
20456,20461
20457,20462
20458,20463
20459,20464
20460,20465
20461,20466
20462,20467
20463,20468
20464,20469
20465,20470
20466,20471
20467,20472
20468,20473
20469,20474
20470,20475
20471,20476
20472,20477
20473,20478
20474,20479
20475,20480
20476,20481
20477,20482
20478,20483
20479,20484
20480,20485
20481,20486
20482,20487
20483,20488
20484,20489
20485,20490
20486,20491
20487,20492
20488,20493
20489,20494
20490,20495
20491,20496
20492,20497
20493,20498
20494,20499
20495,20500
20496,20501
20497,20502
20498,20503
20499,20504
20500,20505
20501,20506
20502,20507
20503,20508
20504,20509
20505,20510
20506,20511
20507,20512
20508,20513
20509,20514
20510,20515
20511,20516
20512,20517
20513,20518
20514,20519
20515,20520
20516,20521
20517,20522
20518,20523
20519,20524
20520,20525
20521,20526
20522,20527
20523,20528
20524,20529
20525,20530
20526,20531
20527,20532
20528,20533
20529,20534
20530,20535
20531,20536
20532,20537
20533,20538
20534,20539
20535,20540
20536,20541
20537,20542
20538,20543
20539,20544
20540,20545
20541,20546
20542,20547
20543,20548
20544,20549
20545,20550
20546,20551
20547,20552
20548,20553
20549,20554
20550,20555
20551,20556
20552,20557
20553,20558
20554,20559
20555,20560
20556,20561
20557,20562
20558,20563
20559,20564
20560,20565
20561,20566
20562,20567
20563,20568
20564,20569
20565,20570
20566,20571
20567,20572
20568,20573
20569,20574
20570,20575
20571,20576
20572,20577
20573,20578
20574,20579
20575,20580
20576,20581
20577,20582
20578,20583
20579,20584
20580,20585
20581,20586
20582,20587
20583,20588
20584,20589
20585,20590
20586,20591
20587,20592
20588,20593
20589,20594
20590,20595
20591,20596
20592,20597
20593,20598
20594,20599
20595,20600
20596,20601
20597,20602
20598,20603
20599,20604
20600,20605
20601,20606
20602,20607
20603,20608
20604,20609
20605,20610
20606,20611
20607,20612
20608,20613
20609,20614
20610,20615
20611,20616
20612,20617
20613,20618
20614,20619
20615,20620
20616,20621
20617,20622
20618,20623
20619,20624
20620,20625
20621,20626
20622,20627
20623,20628
20624,20629
20625,20630
20626,20631
20627,20632
20628,20633
20629,20634
20630,20635
20631,20636
20632,20637
20633,20638
20634,20639
20635,20640
20636,20641
20637,20642
20638,20643
20639,20644
